x,y,z,outcome,mean_without_noise,design_type
-1.0,-1.0,-1.0,6.157581229993628,5.8999999999999995,factorial
-1.0,-1.0,1.0,2.3134322891904806,3.1000000000000005,factorial
-1.0,1.0,-1.0,7.661208894941606,7.3,factorial
-1.0,1.0,1.0,12.11164528814615,11.700000000000001,factorial
1.0,-1.0,-1.0,11.340477919858376,11.9,factorial
1.0,-1.0,1.0,8.934488685205597,9.1,factorial
1.0,1.0,-1.0,13.442079241753374,13.299999999999999,factorial
1.0,1.0,1.0,18.26857710125197,17.7,factorial
0.0,0.0,0.0,9.847546068137104,10.0,center
0.0,0.0,0.0,9.748365363634337,10.0,center
0.0,0.0,0.0,10.126624546448596,10.0,center
-0.8496475680495155,-0.9034152607939062,0.35618777105397936,4.970028992828216,4.755780409747285,lhs
0.9456301433065673,-0.943383660062756,0.10536054009599827,11.094947705860939,10.3416637543057,lhs
0.8934007260534775,0.17061385166620813,0.5611997829074402,13.542070201586007,13.50356394221787,lhs
0.8062627282506853,0.17437150518502298,0.9148683180534092,13.385100540256241,13.507812813133091,lhs
-0.39998398801597,0.8289565613124514,0.30036304416879345,11.465537574970442,11.440762906131841,lhs
-0.9905218787956339,0.11833133314566147,-0.19492175651138977,7.1301496164418365,7.204776361519938,lhs
-0.3551336790630082,-0.061045989793721556,0.1639111862938265,9.435970822443867,8.829537445754177,lhs
-0.5949330591109018,-0.03461609913257313,0.6352939482061597,8.229207697474362,8.343193637197356,lhs
0.21731026000578701,-0.8435538960227058,0.4654389846043925,8.066313315605495,8.022500469919356,lhs
-0.28569271091388315,0.5230861741352613,-0.20435941649434552,10.069268810356759,10.17647788241819,lhs
-0.05820772068506408,-0.0457444831751781,0.23623746895500353,10.463674786870918,9.786058807925738,lhs
-0.7000417329031574,0.7109736214220981,0.9631609205404181,11.47492895629317,11.295180836901894,lhs
-0.39080898739528,0.12903261911512964,-0.5842285620721384,8.67789991649945,8.780770986026267,lhs
0.7266683825552185,-0.7130620361477531,0.2419979160552579,9.820592282592361,10.1835420755398,lhs
-0.5081370859111759,-0.7083822167517086,0.33510438243353824,6.342335636923318,6.4113873798719485,lhs
-0.5743476793297313,0.4907831695062701,-0.9668831456716322,8.19090149379931,8.263007672912979,lhs
0.9751366070790959,0.8051214008748007,0.004048553166395186,14.900409784018281,14.945699982925166,lhs
-0.6384229663321435,-0.9904651605729049,-0.18333891054704454,5.1636768355825176,5.862096081606121,lhs
0.1349505069176382,0.030248172022749875,0.8024518780881629,11.231422777705056,10.845143566452155,lhs
0.1514445973740961,0.22182173245978287,0.9686916544359125,11.487232753573629,11.783143134857463,lhs
0.07327809681011077,-0.4162105367537594,-0.43883919414694095,9.038669497710623,9.332541364667232,lhs
-0.016724167934753398,-0.8225633990672727,-0.3654059305878108,8.044348984193014,8.288281806039004,lhs
0.5377620202180649,-0.31366042111743,0.37056582208571154,10.817253504217106,10.768144039442069,lhs
-0.2085255171248207,0.3748337422623609,-0.9702194996041992,9.289325669958794,9.268812193905157,lhs
0.14194425047781722,-0.999248588671735,0.8263692807192289,6.407489793999009,6.771911984577147,lhs
-0.37068156588357415,-0.7010761967989341,0.5599311206409234,6.526191925399981,6.652639373657366,lhs
0.8097256587920871,-0.06413639080333255,-0.11142597986715419,13.091332003677941,12.237129235763796,lhs
-0.40400478362693293,-0.5342093992584922,-0.9782350460331901,7.525259357445209,8.001816373854684,lhs
0.5064796517109995,-0.5191012797336847,0.28866594657080413,10.551051960410103,10.067427782322316,lhs
-0.8105994699645279,0.5987983874782701,-0.2097233559185221,8.701161903221688,8.755260603221707,lhs
0.7097466163425172,-0.9163558230835407,0.2589408936473385,9.513558984937156,9.514819056466887,lhs
0.7534779890158019,0.8591092317493723,-0.5719814489078512,13.39497577321209,13.294904289194683,lhs
0.6026105826824848,-0.7954119320365391,0.8563716616752381,9.646440866277125,8.935747754308206,lhs
-0.7348808935371768,-0.6277497802366447,-0.963247541968867,6.362903667661509,6.929105031021311,lhs
0.19224690267226796,0.5938381634303633,-0.3158837549458057,11.217043956270896,11.597331722604281,lhs
0.9837823784785358,-0.46847036016988786,0.03777514595358222,11.591473037962032,11.7634275281777,lhs
-0.4437198408318599,0.25489302167536576,-0.09938238749528605,9.556688637436237,9.220722698004748,lhs
0.31129495563978815,0.03298781766467118,-0.7194982010992894,10.163318918004745,10.685832714799066,lhs
-0.2948457314747236,-0.2689362470240785,-0.4277383381905512,8.710522434533972,8.479088670825721,lhs
0.34381416106738816,-0.6886240740186034,-0.6168058562053338,9.234176163082191,9.827705206515093,lhs
0.6529759563346353,-0.8848855363708423,-0.49834738729485506,9.962162419817854,10.341139784348607,lhs
-0.7620930478547225,0.186005237579296,0.010053041304291854,7.886916376027563,8.186121019910948,lhs
-0.5978936068664588,0.27110990285663283,-0.1459355970160232,8.218433052947976,8.754503443781186,lhs
-0.7832448868539391,0.765697624564361,-0.22907584101695455,9.20894271810066,9.157153975281126,lhs
-0.08130411721321684,0.9705567621138966,-0.5978719536466524,10.660121369529891,10.898847170704421,lhs
0.46731049718197726,-0.3531277239703805,-0.6149021290127775,10.623911730134047,10.664001510723953,lhs
0.16080916768638587,-0.2040442296647067,0.7918876500894432,9.896971889847658,9.99822779895488,lhs
0.775988474437787,-0.43557736608335884,0.08010872008671788,10.951930576786447,11.208257114607425,lhs
-0.09657207155469538,-0.052752479776795536,0.13780534111082643,9.520367776316446,9.620439490092107,lhs
0.20014498195147645,-0.36275027120472014,-0.8597396949902154,9.597813688805223,9.911030843388238,lhs
-0.3290769456386148,0.15111483208749088,0.4103303192505148,9.840656641873492,9.666300966132196,lhs
0.9924333835302315,-0.007377464693961611,0.5557910544120095,12.842709285493685,13.173792318634533,lhs
0.5922984296355667,0.562652502526465,-0.7946602161255845,12.354298121290707,12.060850852102321,lhs
0.7321921141061714,0.8019462249718732,-0.6982049108032482,12.963601619111515,12.914298913971018,lhs
0.8528796598269133,-0.28116096061030293,0.2076120568524089,11.450806851286801,11.83371107108592,lhs
0.7075335982560009,0.6365730782814727,-0.15344828282824663,13.72248970468368,13.476828294977816,lhs
-0.5050013972360737,0.24970315410906063,-0.7483536511725017,8.221184462490275,8.47355295233918,lhs
0.9066442567118269,-0.19075574690693242,0.4133839899638325,11.87743439997773,12.266457329676829,lhs
-0.6433545216482824,-0.9573682268511328,0.34538815543190937,5.190207804207272,5.21947656740587,lhs
0.7129465959229553,-0.08663305846598646,0.8786354347297107,11.804182345457336,12.136697340518777,lhs
-0.4908788608440219,-0.8270851714940196,-0.9452555012258109,7.660626594216526,7.488800543249189,lhs
-0.7954753875280219,-0.6718316783760738,-0.92289641184052,6.7267844815648346,6.680891958340873,lhs
-0.757761898873641,-0.9800609153725266,0.23193181029060517,5.250230185460011,4.960181594928651,lhs
-0.42150061519455506,-0.6920451289828707,-0.3870871897596848,7.465224667417748,7.332737703552029,lhs
-0.7191849372656525,0.34928597761654534,0.33897901656394014,8.83954840598816,9.064372849815637,lhs
0.03555453469590475,-0.34453366968341337,-0.8400861797927051,9.371028365791656,9.43028331183584,lhs
0.9699236968236007,-0.4961360615050413,0.5125709406873602,11.356644112057609,11.416710443024934,lhs
0.7823867697417985,0.1094657858317698,0.10102318451280534,12.166376558166778,12.681139495713802,lhs
0.280511396692835,0.10469384683306293,-0.63106867683421,10.555667403879811,10.731917123118954,lhs
-0.7488039858231367,0.16204257042752812,0.785124219861929,7.968445260966162,8.701746540588585,lhs
-0.9032117966675598,-0.9552820910071951,-0.9191734807475263,6.108201367588937,6.1150159266166675,lhs
0.5805399182753186,0.08501834299834066,0.2540059752992163,12.023190019732164,12.094639303278406,lhs
-0.46572974091617625,-0.3247709006786089,0.647155435125778,7.4354029846658625,7.67142664322452,lhs
0.9401898392905497,0.7139894060007639,0.9824479860136539,16.28789807593936,16.261145644407982,lhs
-0.8939242418583808,-0.9876125262002756,0.5810773207971949,4.158939280435636,4.048644253964676,lhs
-0.4610657704176424,-0.762221068304914,0.45326856386664605,5.840845560590094,6.270673915368403,lhs
0.9644078113162882,-0.4918996243902719,-0.13987762358432587,11.70090971647903,11.731373674442576,lhs
0.36323142197081326,0.04813503810658237,-0.04119006093020905,11.020044425686189,11.189987003532334,lhs
0.48955402054336417,0.016061580711237422,0.5890194670157187,11.411963518899302,11.761452850892407,lhs
0.16444288199754742,-0.19364959635826406,0.24835615582125325,9.767540238227884,10.021977792635306,lhs
-0.6574450261333697,0.5848531769361018,0.0799173273307272,9.53461735190163,9.605896619879347,lhs
-0.17074812257858785,0.8651733355371389,-0.5835060643633813,10.542699283510116,10.508585546941184,lhs
0.8148309494842696,-0.6229540555294393,-0.6938675513331852,11.379757342081211,11.387606378281856,lhs
0.45932116071386164,-0.7973548262781956,-0.5618087226943407,8.896442508511266,9.966182541042299,lhs
-0.3865209406165395,0.7906410515648976,0.2810058084406106,10.633837598258271,11.329356640625262,lhs
-0.1156587769520604,0.6895636119328177,0.41943353179380627,12.74994032325747,12.065313093762443,lhs
0.3689761454003997,-0.20269731008303293,0.6892308181559894,10.913699566119707,10.624408069096228,lhs
-0.049885075816825775,0.5641382522015619,-0.02388845400542805,11.306998948204296,11.226877518208502,lhs
0.5184174080651012,-0.5802188683372733,-0.6366582018522196,10.024865979973642,10.514963755124642,lhs
0.08915199229329529,0.9134573016072693,-0.2560633258327659,12.30927540532586,12.027648654184546,lhs
-0.3048878596040433,-0.6083029918887708,0.5343462724480668,7.0324843608386844,7.193237465222582,lhs
-0.1062929395954526,-0.6566838132995969,-0.9304870140601862,9.099834934909932,8.767081211454414,lhs
-0.14519051158854535,0.611933765726167,0.8983504635173241,12.607143876501745,12.443118832704318,lhs
-0.4855026979074133,0.9888844250004765,-0.8861786042017105,9.48901347020122,9.083840732063546,lhs
0.861244029804614,-0.8391573419469502,-0.5750016967244882,11.364484892921764,11.124368467645628,lhs
-0.7150628821768259,-0.445388204783853,-0.5411620205982244,7.5639399343322955,6.958724958803201,lhs
0.15819242579095327,-0.9656158011612868,0.8802899283890828,6.988779199936243,6.882614389805131,lhs
0.09839271051914622,0.06057142736801513,0.1558018743583327,10.749757879594023,10.525914305170502,lhs
-0.09163195167514393,-0.6065327822647548,-0.9836944933782569,9.003211672611238,8.889251716302397,lhs
-0.5295742366639984,-0.3592295242362352,-0.06485195523559717,7.858965277033492,7.52919682396831,lhs
-0.9310291101460184,0.6233281283055283,0.8315803898220613,10.33725574366741,10.03089055251665,lhs
0.030588609208210826,-0.18252423983119215,0.5456473806915689,9.664477427613082,9.674445208245382,lhs
0.08345266432598297,-0.16626375308645758,0.3524938548825245,8.47221032828164,9.870203639959987,lhs
0.8913849776816094,0.7213909776698426,-0.3792327060663162,13.524186717579479,13.833504200124501,lhs
0.22649734361881646,-0.9303478721679943,-0.9083424364015308,9.327416007687765,9.511419391106752,lhs
-0.5415658101943499,-0.144319147330232,0.9542274859909354,8.327553713824749,8.148311760640636,lhs
0.9987537641347006,-0.026121795671411707,0.4232693654309154,12.777527514940443,13.08036274881798,lhs
-0.009750028716694947,0.256416942594794,0.7242926711508235,11.205133703317607,11.235806980901788,lhs
0.374061504650832,-0.7323299231018877,0.1936433704877094,9.622634919999209,9.11355755207964,lhs
0.10094136740470305,-0.040789533926731125,0.40562480509586196,10.50369946040065,10.333318745287459,lhs
0.7762240227987971,-0.5935747403492506,0.6026332428613392,10.325218502322539,10.441914347484758,lhs
-0.1791487615056695,-0.7725889626848372,-0.45820617283386866,7.474181307237194,7.985007896815266,lhs
0.6638944161495841,-0.11020155858147773,0.24495491591823404,11.425386673753614,11.765571374032861,lhs
0.677583289723356,-0.9444995755627406,-0.39921792863791283,10.40799505454221,10.190523854288035,lhs
0.7853449943911393,-0.10130795000152726,-0.7882594907146256,12.18054944829702,11.931203827416134,lhs
0.35234561229553396,-0.6031005995136559,0.9382152941974338,8.793900506411314,8.9060626842554,lhs
-0.8807990112249797,0.13672079091112344,-0.23554607753203616,7.41839039304265,7.547219229760907,lhs
-0.18398854533491626,0.49681957547720246,-0.16885831189748124,10.190395542919916,10.471534171230399,lhs
-0.12328414309040092,-0.558621142879302,0.4874510261652196,7.667487539644846,7.938434315195242,lhs
-0.235322247169939,0.07707147176574103,0.3899151569844044,10.080730152060926,9.696770403720903,lhs
0.0406156323211182,-0.46743552300464686,-0.8098028624710834,9.233141501404665,9.310692068653,lhs
0.6897295815208864,0.6266114360464778,-0.6024966454740163,12.528892301103632,12.71516235766866,lhs
0.821633794777304,0.3839035930026464,-0.029533404058527224,13.967959079718511,13.392438641338117,lhs
-0.7864046795205307,-0.8803009336735363,-0.16179092075896673,5.369526752013558,5.631681716438215,lhs
0.5974025022541418,-0.23608198591067464,0.4407605542095603,11.135299314558758,11.191006635161573,lhs
0.5130028847279218,-0.36519454065728996,-0.0522812304213347,10.778004938910183,10.639476886243697,lhs
0.2624560585310989,-0.2995496897615251,0.17274584504335277,10.003958361366559,10.014449553484232,lhs
-0.5462518662985599,0.554143556943304,0.38565543099040656,10.30765754345096,10.285540715969091,lhs
0.6176496626340375,-0.3227281373923724,0.49514586725611065,10.152840315726857,10.956551485064855,lhs
-0.2704613368611477,-0.07899097559219992,-0.5112349645353964,8.903390474595138,8.859333872111788,lhs
0.30031588577821,-0.8174060821023358,-0.9484902817833184,10.148533402855538,9.87357944462582,lhs
-0.9513089839979502,-0.4089473973474729,-0.6728306820421631,6.5148798103968,6.349846523118605,lhs
-0.8523671190724327,0.6479229178782797,0.11412639430760296,9.611271945990495,9.24145768673352,lhs
-0.605898719848593,0.8722583398180985,0.08993454690319291,10.968067259924508,10.540126594194074,lhs
-0.9710420262366503,-0.6828012039285947,0.6616816698272243,4.496049265783669,4.831308906003533,lhs
-0.25498430083498813,0.46324794956790183,-0.11805374052082407,10.371975739930187,10.247506799383292,lhs
0.7569092201567151,0.8244228675285077,-0.03963338720663723,14.856596388013436,14.257117067093386,lhs
-0.2194469817826623,-0.45836515084982554,-0.28435473116455534,8.13182854788242,8.316613223702813,lhs
-0.004294551422541426,0.0478357048043514,-0.29891484382019207,10.083152575336431,9.96140182620006,lhs
-0.9778387302101885,0.38433039122115376,0.7744232114989831,8.279007638224979,8.872820948544975,lhs
-0.915958287173759,0.6735964493116697,-0.10241680637710093,9.166746893570313,8.770971864381236,lhs
-0.4518568875369591,-0.13180149207193725,-0.24992625246000677,8.401375214631274,8.274248281593195,lhs
-0.4349557209182303,-0.7436361046726591,0.9949384477671626,5.983915639423098,5.902248081634584,lhs
0.019216064381444076,0.9980909917266294,-0.8746796439490936,10.48803257214729,10.631586042991227,lhs
-0.8747583621131213,0.7778311254126675,0.1233905973516447,9.909372315234206,9.542417651099031,lhs
-0.000967492265720904,-0.2950736831178661,0.4906068841425848,9.103732734256122,9.195078744584727,lhs
-0.8073082468720227,-0.9924581299162032,0.7544206448467266,3.7073430153580755,4.050982568293549,lhs
0.9165756571692172,0.45497798567572323,0.656584354984985,14.591476902450989,14.687522246754027,lhs
0.42525476675214247,0.8323022858328084,0.5180970933584286,14.589146952692039,14.339942963335817,lhs
0.4464624191490787,0.41145570010284516,0.7463350277628684,12.521663571405718,13.219311361256501,lhs
-0.7535318863806841,0.5828589410738267,-0.9554176593389971,8.502091085780956,7.812011924436903,lhs
0.6255025152326306,0.5156042304537647,-0.876274246615186,12.273694682382056,12.001749147719774,lhs
0.2645043239521656,-0.41303821048673695,0.5029429030000776,10.215182193732204,9.588172260901805,lhs
0.22073563049964773,0.9753290924595563,-0.567980502548798,11.875190536086116,11.876195187074158,lhs
-0.6951220163936851,-0.7857476714350518,0.734621853919827,5.525546257725766,5.205104173814197,lhs
0.24886196538577532,-0.5100428244475455,0.8725182372310147,9.542702688351644,9.019447130952129,lhs
-0.11151800843551674,0.5198672684985632,0.8708652586324734,11.953903044139949,12.128382067216853,lhs
-0.6628379068269168,-0.854660591412524,0.9731638831822769,4.993702728846762,4.766995678365479,lhs
0.015858315418466162,-0.16345154559833364,0.7227703621210764,9.855444336994072,9.715405948065554,lhs
-0.8588359792234961,-0.11492901232041408,-0.30446058575076407,6.828396386989866,7.077369735167665,lhs
-0.03890194916667977,0.07094298445062042,0.6419082611866749,10.279879087787483,10.399384916126946,lhs
0.393552340208436,-0.48311767503852376,0.9455659264035225,9.50640895053067,9.528813902062915,lhs
-0.10350040726045939,-0.17631874086880894,0.540412906296563,9.364178231457215,9.29335422682779,lhs
-0.802579305388028,-0.9238406810282169,0.27195492947826994,4.743285382225039,4.939204903991947,lhs
-0.13822903293772337,0.31378056499102835,-0.22734109304364614,10.747071025074076,10.1504244865293,lhs
-0.493589875224306,-0.6787253003066133,-0.5452717001166056,7.833766386925566,7.270469900652519,lhs
0.3451658172516212,0.26179283027923517,-0.23840136298848003,11.374545892730467,11.482277800651033,lhs
0.38068716015797777,0.31712771208219026,-0.6258776746600829,11.606724397946703,11.327260011800483,lhs
0.5554784617201056,-0.4773176832231485,-0.49552165942622917,11.06043457888402,10.700670764167544,lhs
-0.9637166459309844,-0.08271696471526613,0.09652694307025422,7.013390223471574,6.926296479307757,lhs
-0.29904244008286673,0.8441656155814958,0.15856867013412446,11.140011477274662,11.51765898102307,lhs
0.6055665522646134,0.5041730750659188,0.0647216302517124,13.625593320055216,13.161756622584434,lhs
0.9567637262891746,-0.39448521822676286,0.4469088426553316,11.655809858189736,11.745503592182503,lhs
0.2704131107972183,0.8218391847283049,0.21803507035606762,13.425850457490851,13.275592898389338,lhs
0.6120913933794709,0.05334957358356052,-0.01459767360321973,11.961667769632744,11.962407241264348,lhs
-0.33761575734302984,-0.8485304540680813,-0.8496610058264673,7.8924908691807,7.823696020810294,lhs
0.8984344907928876,-0.4232442679075755,0.3165209477723523,11.623530346652583,11.522662963447488,lhs
-0.5568993366761821,-0.02147289115566453,0.11683012474392385,8.607211108685314,8.317836186985668,lhs
0.8427275457632017,-0.09536681654288615,-0.7431975452291557,11.714672809564984,12.120064068952514,lhs
0.337196049845472,0.4831980019262767,0.5670296038513634,12.918010362311453,12.939572624797902,lhs
-0.3417374316390738,-0.9381583188293829,-0.19715197207124802,6.29268662915605,6.883458691990889,lhs
-0.8187898956752142,0.3213098033643378,0.2081164938742852,8.514171107746021,8.550517184437435,lhs
-0.9536071049080548,0.5084033828880239,0.3512014988599117,8.721633867499571,8.872061396212162,lhs
0.47755999889259093,-0.27246995686263187,0.22476231203030594,10.864364084564375,10.731176269899478,lhs
-0.14996991697672624,0.21859147844652127,0.044036642415703486,9.994246154579884,10.13151046474105,lhs
-0.9199539439420978,0.8363978782767161,0.09302223090081352,10.070048771501115,9.508388230030235,lhs
-0.5507588289323564,-0.22486675361255692,-0.5539397223955564,7.713287001742701,7.78819346894315,lhs
-0.7478758541043311,-0.34278861700024876,0.9080282675510294,6.720554320494546,6.702341044951087,lhs
-0.7245541747133478,0.9602252028070906,-0.5573118420233676,9.322566071116631,9.04071496830771,lhs
-0.24305398983139492,0.18297177797770647,-0.8380813372740087,8.849341720235236,9.117013522272751,lhs
0.5101275041443067,0.7723416939905969,0.01758830487440388,13.20537611456621,13.49272359548519,lhs
-0.41898828279947875,0.3665721881927735,-0.4043671623855337,9.269553111819958,9.230905197141142,lhs
0.12501063317869088,-0.287168066754529,0.618717395801277,9.98617693124034,9.584782109814892,lhs
0.6708736868346592,-0.8447947978305789,-0.15694028663612558,9.521985046690414,10.07650615916951,lhs
-0.15956428057978322,-0.5651724684482821,0.9222328245301656,6.840347148858075,7.539072033489271,lhs
0.12319491062378374,0.5781744387686798,0.5088875961791142,12.775808615971474,12.54818230783566,lhs
-0.0932140923392285,-0.7568369641441581,-0.8202412570058663,8.196105087414395,8.617588834892166,lhs
-0.566798685043596,0.6674005450034495,0.5690837740457291,10.693767144064314,10.879391094707458,lhs
0.4802961717650247,-0.8610926240062564,0.593093340110685,9.007334192070862,8.606119350393925,lhs
-0.6700585019880868,0.1913304148945183,0.6396544745765544,9.5135138755511,8.944305961920417,lhs
0.04949466736022057,0.27453968530961737,-0.44748745486557895,9.985014627296552,10.434702716338636,lhs
0.577763354337643,0.09312503651272186,-0.30323307054579773,12.008527815089636,11.793979962696818,lhs
0.1040715319290011,0.9427411473787553,0.04800709903521172,12.350318722743587,12.769735185576181,lhs
-0.1668194300792799,0.15454235947206962,-0.4808358269818106,9.36590215729744,9.55980617185276,lhs
0.32890451958736966,0.4396063582234775,0.9970741917714712,13.517921676952769,13.273535408811284,lhs
-0.7112218672106196,0.32853029867290906,-0.37264921633538706,8.325850028973482,8.318232653499056,lhs
-0.5171064978469185,-0.427547748061476,0.14736276898369738,7.213077387560943,7.325347927850283,lhs
-0.37511630422777054,-0.9107400573178892,-0.3367314496494046,6.744884553373254,7.015123039720186,lhs
-0.014243921076102728,-0.7784356062297773,-0.7677886773856194,8.728937882337497,8.77987703040966,lhs
-0.4477287704714349,0.05601167932253892,-0.18486578622538574,9.052204069206267,8.70425821475751,lhs
0.878872073753528,0.09605983057854317,-0.7463866348283434,12.42387259536999,12.449155151137747,lhs
0.5401104306336983,-0.5631912996805635,0.39205312897067257,9.683589501018046,9.971732654040071,lhs
-0.9206390964561348,0.23403554186900632,0.2623670468586259,7.717847946244313,8.038644169211794,lhs
-0.061503979135566045,-0.30740530005787325,0.27995845299875244,8.845351083499871,9.004048911602043,lhs
0.07144790989280603,-0.744307017029797,-0.35507809297096204,8.308429137767972,8.687261759060862,lhs
0.28950834178490026,-0.17381196263339427,-0.04946948634436821,10.769832290349239,10.429684423555035,lhs
0.1525348278271479,-0.9711180588570777,-0.0027303720876092896,7.747383912770268,8.033489912058723,lhs
-0.26020838840853155,0.9489326215799809,-0.6903688291165211,10.612050381501163,10.136354551910594,lhs
0.7308523582721718,-0.5696781942549216,-0.32472945263435515,11.26267155472085,10.971454126882103,lhs
-0.14323114448471408,0.22915716518145413,0.22012093164550794,9.680781014345062,10.322043971805071,lhs
0.9528037801427829,0.027602535091255653,0.17833648670071134,12.873341288573213,13.007612843274746,lhs
-0.7790338119013491,0.48770647040508464,-0.880474908781589,8.471495102520219,7.757030818720234,lhs
-0.5809493585027106,0.002368340623947862,-0.8662685103984791,7.958748035491077,7.912872457864384,lhs
0.1870282547718214,0.3028275143155761,-0.8906329320749763,10.382077865970407,10.476425694696267,lhs
-0.07648717776084879,-0.2469651361699422,-0.8926468809957472,9.302496961067227,9.19288165922452,lhs
-0.12801178911427247,0.2245257314560274,0.9168553683971732,11.321759420530531,10.914564828667888,lhs
0.8502632497704576,-0.9611532293300764,0.989030541503594,9.085169030416145,8.832421074617564,lhs
0.6670852367281992,0.08931369320174176,-0.1509493500953688,12.203755799456973,12.13989288405265,lhs
0.6814420606803839,0.4357327771603501,-0.12782306314543845,13.14641812115771,12.982274842762742,lhs
0.7658021757574984,0.810419048684768,0.16846443893706797,14.34078998544059,14.636588147172308,lhs
-0.8244653857198291,-0.9769933704609554,-0.46977989352711513,5.713989546375026,5.722357774070599,lhs
0.31311936588321454,0.8484269019272621,0.28640169853607556,13.447361633706636,13.612369662314432,lhs
-0.06578132814698112,-0.6754654414051188,-0.09066602808132151,9.18848276101256,8.18796118443485,lhs
-0.23070060704136108,-0.3188322441592727,-0.9579191745588831,8.332423615787205,8.677397834920235,lhs
0.5630814717694188,0.8830948868700486,-0.7002634496822014,12.286959172403428,12.503757923233097,lhs
-0.19126519383832774,-0.0008172259347826172,0.5492110853039411,9.456988403313972,9.643037894592993,lhs
-0.31710155180643507,0.006837109210380721,-0.36133831367971114,8.490798784307696,8.916805875012221,lhs
-0.7214052428235591,0.6406199845017981,0.6302623973023496,10.43782137665013,10.416204828650175,lhs
0.9267247953084865,-0.26706631104970757,0.07339703562369548,11.644723152992468,12.106584046567862,lhs
0.524335800025661,-0.6163095681054015,-0.32914888633742123,9.715689377689028,10.265717619644294,lhs
0.648624810124016,-0.6360090816321557,-0.9721422488276585,10.848362067431763,11.07991916476745,lhs
0.5498903980212493,-0.572746104048994,0.8166592463391067,9.280673408928989,9.702540509459546,lhs
-0.4812021046817667,0.7265616930796204,-0.290462313795268,9.754230203890174,9.876743170259198,lhs
0.9137116285056546,0.6062588394204567,0.750851820109331,15.328792577277744,15.376501707577034,lhs
-0.6529701441887247,0.4139822199295897,0.04279219215610475,8.874407902157182,9.12504936618823,lhs
-0.7064625533132538,0.17858494897177812,-0.016149544878715894,8.566804077053934,8.31542357637165,lhs
-0.8413143113358759,0.33726733930908304,-0.1647157969713522,7.957796994328692,8.153343230020473,lhs
0.2332681606135869,-0.380808288260052,-0.7574449435463353,9.547288147495118,9.9640001460977,lhs
-0.8992841335530732,-0.6971043420773662,-0.5313743578591946,5.781329827431758,6.013599070841677,lhs
-0.40392695849718263,-0.5042751919225996,0.7935752068833133,7.207958766497088,7.124636705894298,lhs
0.63902514260158,0.14452586088645392,-0.2775481473000292,12.293355246378095,12.095167628234105,lhs
-0.11701969234025211,0.02161397246215979,-0.8136532228582126,9.501758455594715,9.345859263956669,lhs
-0.2579904592678409,-0.1216386643878653,-0.413775038801132,8.449550419135146,8.847017823244613,lhs
-0.6917627246665439,0.5583813102047284,-0.6620614228104625,8.287316580318791,8.390411627919162,lhs
-0.3156188020754349,0.5728252912042799,-0.9273297374102333,9.216360647206304,9.158118658446373,lhs
0.4711670239198684,0.5016436211061175,0.48045056355422533,12.800922240080894,13.29361727878146,lhs
-0.053064450146181996,0.6177848637483601,0.5722866938816733,12.378064465891379,12.250573589453463,lhs
-0.8289087079879685,0.7304507591302478,0.03559742529588439,9.256882293181631,9.4004436433749,lhs
0.43254513306102926,0.7342321601975221,-0.20060442540432222,13.014141369612545,12.787851632417528,lhs
0.31936743421548686,-0.5780308575131381,-0.3922187202349462,9.536616499747737,9.764223812511839,lhs
0.7369844477130798,0.547158827429129,0.5970108694025533,14.776767496075614,14.405642340549628,lhs
-0.9861996438541099,0.9090369791774138,-0.3227647036184911,8.550956343049744,8.656758542841406,lhs
0.7020409515746391,-0.7237546679018461,0.0034142424013605677,10.346851460076977,10.293653948954246,lhs
0.4612366298146151,0.7057560560490757,-0.006893655465973647,13.320183447082458,13.136585137011977,lhs
-0.6292230887718692,0.9668278172343816,-0.8547631538104965,8.697875108299877,8.699959185594386,lhs
-0.6980790419431566,0.21292339450525066,-0.8161633990710726,7.595611270932329,7.798801494283147,lhs
-0.3938451445486677,-0.14877362782619774,0.9290434102371934,8.821457451762697,8.569356975495163,lhs
-0.16135863388140403,0.3092675979085724,0.8901350030547277,11.300470761623531,11.140668939925446,lhs
0.18221799446979858,-0.396102398343964,0.4684259147252616,9.78968933670329,9.409788022555137,lhs
0.2599159277134002,0.8520286622826627,0.6494568644030274,14.163754308258858,14.165642738705754,lhs
-0.28058672232485193,0.4284815567612421,0.8447246225527143,11.153042762475053,11.218841632300325,lhs
0.9327953640077022,0.6002479529601672,-0.24490661082249054,13.367572893771865,13.936434884831826,lhs
-0.47149586645006414,0.16437255588421595,0.9260123978488719,9.443583424133987,9.640828593806699,lhs
-0.6210990698651597,-0.11732573603185992,-0.5335588470908056,7.213172894068622,7.74264524350078,lhs
-0.6015831751159882,-0.8037734405804133,-0.9323085390251965,7.29400927591236,7.161750173361527,lhs
0.8193755932352997,-0.13668304045583957,-0.4637197884944204,11.812224687772611,12.045019998268254,lhs
-0.04360720058312906,-0.21177599572662986,0.9670377191490649,9.268540255922517,9.357921820013258,lhs
-0.4254959966725246,-0.22915201799351348,-0.07313173722065813,8.76207120385704,8.151544183404653,lhs
-0.22127689258618544,-0.4522275733162131,0.528853620298563,8.314818460884783,7.986649896245532,lhs
-0.8623313394945167,-0.33892223054797077,-0.6542462535500377,6.824489881469679,6.703131382972007,lhs
-0.365633439282411,0.011462808568963867,0.2953938126897582,9.0193647079041,9.056009105560253,lhs
-0.7895258393502709,0.7422598044216677,0.46214309533119846,10.394440842605466,10.289383669535484,lhs
0.9764152536490203,-0.21475583818766653,0.9517334783576401,12.365047444094419,12.405146979244227,lhs
0.7972396514592506,0.3439827654963423,-0.6235888833257085,12.89674603500825,12.616133423273848,lhs
-0.9984955396995636,0.29689386971292997,-0.09499344892496298,8.324642587061708,7.6579853248459715,lhs
-0.23906457294155892,-0.9484258501016704,0.05967480403220571,6.8587000178770445,6.833736749395019,lhs
-0.6159362497890022,-0.24063751754757712,-0.49157848366997314,7.853329303708403,7.566892070078322,lhs
-0.7743222308586934,0.2071794639473914,0.9872003815642394,9.299247859502048,8.958011882468144,lhs
-0.5638813493501362,-0.9358349091883069,0.7717492964047556,5.334224347707535,4.977454518649974,lhs
0.06427210509507297,0.06591072487920857,-0.05686493191219222,10.322403984176335,10.328100738729791,lhs
0.5698661595140015,0.14371728775766024,0.5851079581038459,12.098560594371385,12.454297112989087,lhs
-0.666277161153746,0.19918206818143758,-0.8606180319797744,7.921607318402016,7.846321051057299,lhs
0.8679098270891539,-0.4429256725905658,0.6230587948452349,11.723208814247185,11.248895093342613,lhs
0.6736662412981314,-0.522290189142459,0.8509216744845765,10.248501437083426,10.255671444670536,lhs
-0.8200733071344877,0.2425825790850007,-0.5048089308271453,7.825850445945037,7.723888819684838,lhs
0.3915435924924979,0.36149220320274744,0.8654126432790972,12.819725076886323,12.987638204373255,lhs
-0.9423755328034467,0.9564977867472244,0.14176185071797365,9.73565816739358,9.86489342236739,lhs
0.7940605509665499,0.8177095232547058,-0.7972004309236257,12.93258799774724,12.934194196910758,lhs
0.27518076848797834,0.9214915305627922,-0.6464167506583818,11.627884294317738,11.798502821905448,lhs
0.47262602224857164,-0.22097156772294546,-0.07170180900397094,10.301508298192807,10.865287733896285,lhs
0.11037329664254658,-0.6678341255593652,-0.9365209535864469,9.523788081666192,9.412719368386218,lhs
-0.034720729666724015,-0.5156271941847761,0.5078828728177429,8.067966642669202,8.338542177431055,lhs
0.19007009575033074,0.12124049363069012,-0.24033811971561791,10.911433735234041,10.724726591350803,lhs
-0.9107568164406806,-0.7643843721015364,0.37623953981896774,5.101067287683805,4.989599512423976,lhs
-0.24687462321680675,0.7547271530032285,0.6681339887772775,12.220248671691099,12.321113562082779,lhs
0.17927223528793879,0.4943535306882956,-0.5122275469106421,10.854089173013522,11.113010820424353,lhs
-0.5220471092293955,-0.814885042135153,-0.905383382713138,7.485132697314198,7.362502790635869,lhs
-0.24951201202143602,0.3567464677030605,0.613996120621237,10.66960975480795,10.783202286428853,lhs
-0.5784235960777773,-0.6467975454121206,-0.5787549630671376,7.1315730582678105,7.0900404841219435,lhs
0.4415100423413616,0.44276519250014745,-0.9150582568622551,12.151476534718398,11.336139104082314,lhs
0.9377329302740636,-0.40098412767255887,0.329324768556408,12.47156897912064,11.704771169990353,lhs
0.6312296424029091,0.6779694928586737,0.8868707100394786,15.545750529044835,15.025649257301222,lhs
0.20709260877500602,-0.37551755139695364,-0.4551161327343781,9.780381494518855,9.808064867117078,lhs
-0.36060619958020956,-0.07427091244497663,-0.035841332370890044,8.551812305831582,8.722959130423748,lhs
-0.9598682363787219,0.2953892005489165,-0.17864205346837847,7.570660122420454,7.692427390803581,lhs
-0.26740628135681477,0.6870833876146614,-0.8450004342840143,9.944783940697844,9.532435081589906,lhs
-0.7415496212748178,-0.019346244391702627,0.19786661660339488,7.837820619579339,7.799241815178464,lhs
0.859139116223127,0.9845182283613758,0.9325371916914855,16.330794333186752,17.064307551170764,lhs
0.0038571535415681257,-0.9057697558527262,-0.8058532420664877,8.331418094284167,8.738657263941736,lhs
0.9022159499058917,0.6146611401773068,-0.6050413774391117,13.390187475735763,13.331872387945188,lhs
0.4314252067437736,-0.8998332158327134,-0.995454012815155,10.317786751183437,10.258847629540549,lhs
0.37751059410629684,-0.29005929914359796,-0.22365470050643976,10.358194791997885,10.434693280479644,lhs
-0.9395406437310813,-0.3493091491967705,-0.1151327190804804,6.606467751832954,6.334442550046723,lhs
-0.3820475331991874,-0.9255950349385693,0.7781187442642667,5.5000628010492525,5.55471618745117,lhs
0.4997319668705895,-0.9139365978325278,-0.9416191239340447,10.966967718200934,10.386751077905018,lhs
0.05274344626934124,0.7817881959943347,0.2025834856183577,12.28191108352421,12.47881350300888,lhs
0.036342972589358924,-0.5494351642801851,-0.10707006415099651,8.916881373621788,8.798503486322542,lhs
-0.04598861506788776,0.6527500248466345,0.8630194092422809,12.559284818123473,12.853121674096684,lhs
-0.7380972511899107,0.5897728972596448,0.6840480555314044,10.517237954488888,10.25993911822799,lhs
0.6222895960042758,0.11302439557764465,0.9054054603736563,12.56854465439203,12.695791189946979,lhs
0.7419142957839475,-0.7697612524046149,0.7098416925259221,9.771975728337265,9.601740898904696,lhs
-0.965425608942017,-0.3776283144167344,0.6115469357591541,6.307109101859313,5.988583772068368,lhs
0.8375727812340794,0.4246267040112923,0.5261038845313657,14.73856374094854,14.18684262276398,lhs
0.5648625927573416,0.19478833018078356,0.539045267610561,12.635697577959123,12.586176220393696,lhs
-0.4776765418927863,-0.3287742495865035,-0.6787726886829446,8.173861795835514,7.875219041332992,lhs
0.9223724947637753,-0.13475483706295266,0.27454980558045206,12.669080716673083,12.473455868096138,lhs
-0.18704923839401166,-0.1559821808597145,0.813837425730966,8.995164301884643,9.145932357205677,lhs
-0.9809429382960623,0.3068714864226356,-0.4162589385747807,7.13593677203607,7.427917927147617,lhs
0.023072894379686515,0.9535118927927306,0.7134694457901514,13.893875858247728,13.962929076506212,lhs
0.4552539275235097,0.2465689985653734,-0.519399228760904,11.523860994196262,11.543902641635432,lhs
-0.6834178046478439,-0.6531424030989955,0.45734487418915304,6.34621932492882,5.962148133673401,lhs
0.5473379578959963,-0.089901720799479,-0.06209431761229267,11.091989303005915,11.402470139453762,lhs
-0.8474125005481882,0.4509116653862535,-0.31120204843912547,8.293172403939412,8.20797650136548,lhs
0.286271978729582,-0.5418034435012837,-0.8694698611828193,9.567350409878504,10.004466559619392,lhs
-0.5864161750386401,-0.36808683007349885,0.8392131817556632,6.766027940328815,7.100193696711591,lhs
0.3215681012695808,0.8434384327254636,0.03071008183745705,12.780336887408234,13.132208132286323,lhs
0.6940717120118975,-0.5449366844558454,-0.441952607851429,11.38467860488022,10.976597521612018,lhs
0.6417783202854308,-0.8940775427270998,0.7011136666469793,8.698123927801625,8.842256599050721,lhs
0.04768140175834534,0.7922766374772319,0.7808047130203626,13.224010307268394,13.54956168278093,lhs
-0.6748494729448327,-0.7278453557589386,0.21373783564687976,5.737244384492876,5.961310762180919,lhs
0.5755128233967881,0.39298444513494113,0.32342808926006383,13.034549522684978,13.0671547934898,lhs
0.48520131827122626,0.4669605641034269,-0.41169651107457306,11.71349457088958,12.112283897550984,lhs
-0.30377993130102543,-0.7822562441988018,0.7396996365152899,6.195664850710128,6.3873570631138294,lhs
-0.45860424237829966,0.3329093427113139,-0.3469516025656946,8.740219437008058,9.109773814684099,lhs
-0.7979630135803306,0.07218208345059107,-0.6089419776062677,7.373280104714435,7.46387091568352,lhs
0.7487239148004008,0.5713971797513857,-0.6572834807543876,12.645657915291478,12.735725432517496,lhs
-0.8842799611474215,0.5421248391037103,-0.317747068237203,7.9177592811190065,8.265307946183345,lhs
0.45139012814011004,-0.46083859223874524,0.06817675825574154,10.546367425844265,10.172791340789406,lhs
-0.8764229404874315,0.3884739481296551,-0.02745466870550728,7.994649643250312,8.311736418995725,lhs
0.8705021446307935,0.760728808257102,-0.00824122519068815,14.420924501614804,14.498747157106656,lhs
-0.8323476299841213,-0.8685960689301577,0.6750110419524249,4.492706302595393,4.546109866959425,lhs
-0.5711729563310812,0.1263023379974484,-0.045112460520047915,8.793117492946628,8.573935935166658,lhs
-0.08723086195212726,-0.7044603228887216,-0.4298890914660415,8.14048586918572,8.35031262506031,lhs
0.3338177958012005,0.9051845314357041,-0.35619142706586726,12.232466413280434,12.54158399914846,lhs
-0.07010749380403225,0.8636751158759268,0.6558278235347557,13.723897853575409,13.230756346366487,lhs
0.7602787469356225,0.6714627962310837,0.693293908115248,14.982755399932264,15.074748713706148,lhs
-0.4287028852186965,0.9834968782530122,-0.12103847345566565,11.081386898766684,10.909944421168293,lhs
-0.5896425361258267,0.4752049389239237,0.6989554512623961,9.733291934199439,10.29653166798713,lhs
-0.21420770200216288,0.9198285064156502,-0.9895534733314074,10.49657454016587,9.62273168259295,lhs
0.29501569591565824,-0.029890667620443456,-0.33286213277781285,10.347520688580556,10.69508461405847,lhs
-0.13404058586030743,-0.529720330293704,-0.5023144848839053,8.6952381850025,8.55160677345048,lhs
-0.6343864792101455,0.9776418612267459,0.7654231750636629,12.370334501209335,12.19407201295348,lhs
-0.9738381291416436,0.013259670609607976,0.5202710773267152,8.443822911384459,7.33216074163328,lhs
0.005900432960227686,0.08329970887197158,0.13279274228843518,10.830565369360256,10.298978542167273,lhs
0.8854614574845627,-0.43893999723069443,-0.26188756196120144,11.390258246488104,11.661194620892076,lhs
0.24266790359000412,-0.6147998181608756,0.4503234718784075,8.282026703235024,8.872787734595232,lhs
0.19868361290768144,0.20022076804526723,-0.3828157155035179,11.551927035118144,10.805510690794561,lhs
0.8320142545491447,-0.5898730604549884,-0.783385502049405,11.273794157846744,11.539782318188111,lhs
0.9496131551043228,0.7983185148126573,-0.3708905670892143,14.255190215966676,14.163319673490891,lhs
-0.9324947668417035,0.39685263338283283,0.18600963115734026,7.622948078392617,8.401924276921754,lhs
-0.5334528830583644,0.344211608720856,-0.7708997191414642,8.56788139547152,8.474175746491811,lhs
0.17252555495680166,-0.6630062945266271,-0.5396027919986335,9.13274512595811,9.288187897505008,lhs
0.40118382659327834,-0.8094863094705407,0.6810389773487293,8.386127941336545,8.459926185959668,lhs
0.3667996214444047,-0.03870713408989679,-0.2708594229069593,10.924035654653656,10.914158805549238,lhs
-0.9062407086500981,0.3694005474584199,-0.7088326438275768,7.1088572621658255,7.449928485129374,lhs
-0.20659227310652084,0.9460618348105345,0.7593655984250891,13.495512357985541,13.34225626748528,lhs
-0.3452740222787781,0.9002883747115089,-0.07689555202375575,9.760627986754466,11.059529940335715,lhs
-0.8688167616481577,-0.6480416201509386,0.3048829487424223,5.651692574108358,5.539760532068167,lhs
0.11852780757876435,-0.7497855406268481,-0.7076340871602192,9.068363128770425,9.153098788198427,lhs
0.4058350264192294,-0.7886970708413196,-0.34846711778569106,9.434501459711985,9.601078546187878,lhs
0.35063591646044334,-0.7368440262531246,-0.724213044615042,9.121375760141465,9.880650166089028,lhs
0.6111405041183364,-0.5254144714059363,-0.834181087420534,11.331555402190697,10.975136366058955,lhs
0.010105851911118569,-0.45108993004369824,0.4035439581343454,9.100864401075345,8.736348005357968,lhs
0.7704753337667267,0.5513788651353617,-0.6855105823577095,13.209070423424121,12.735312046705886,lhs
-0.20109779568767483,0.739728146852584,0.014926152394963976,11.096076338198861,11.2718717721178,lhs
-0.5137432032750031,0.8154701838764349,0.19046298609857804,10.4171613488608,10.853201439637342,lhs
0.21304325532047863,0.2830353583706595,0.9580095368428803,12.408613562416585,12.217993007274337,lhs
-0.2912744516484491,0.6968197518011816,-0.73494278824346,9.40968683836363,9.652428136934846,lhs
0.5842612916790326,0.6830184314099894,-0.5946262035893815,12.33132055310442,12.491426289794704,lhs
0.23611943641744815,0.8714163995857771,-0.4358935286428247,13.13535331403014,12.02882131196085,lhs
-0.2753488752967649,0.2881438611059368,0.05323465330848354,10.420121714052161,9.943217517586037,lhs
0.0609564126772717,0.4791723701528934,-0.175692991031845,11.476609912679542,11.158985958523745,lhs
0.387825876778384,0.9956616209918983,-0.8990537203892844,11.400530343108162,11.681734282376318,lhs
0.27965502640889106,0.6923276606258653,0.16500697510460172,13.134288442492378,12.841417028343193,lhs
-0.6274597075341248,0.5333056580832718,0.8555167071753127,10.099805955941278,10.614345126414385,lhs
0.687026649354975,0.04101949244207681,0.3152967285200545,11.449821932461685,12.31302733176871,lhs
0.8301846789275789,0.6638898914801341,0.30825968335054954,14.473421539631177,14.641953516732427,lhs
0.6583783634132363,0.5308368071970901,-0.7398966399496686,12.357063927388843,12.299292586240442,lhs
0.13852087943534985,-0.6319150863538704,-0.8269544204624426,9.915911395111685,9.445610107467427,lhs
0.05618724269128306,0.9377512274967605,-0.6826013647116216,11.613973927491651,11.087700769162385,lhs
-0.6773684086604601,-0.6840959734731809,0.8080136094802133,5.4737428851172885,5.585894341965251,lhs
-0.9467288811115077,-0.25310785911897904,-0.776656157017473,6.159302429004616,6.570221244974721,lhs
0.7175998254535494,0.2843433580912742,0.18160328975418527,13.343252119405179,13.029247028138938,lhs
-0.6178254642428713,0.771191021234706,-0.4008688439683381,9.411347989793882,9.357690007080802,lhs
0.9096716743915014,0.46891157447069887,-0.903931327302232,11.922360145294597,12.776766477012737,lhs
0.43840286820742946,0.7173479055485481,0.6648151172017374,14.345830759440652,14.232931132797376,lhs
0.7472487218866104,-0.38803935083237273,0.34347364132176916,10.796468209061084,11.169130925255851,lhs
0.24563141630739405,-0.7302009213024175,-0.2729059861320706,8.73935632749793,9.160926715717958,lhs
0.5316040668393434,-0.3119745303925503,-0.6517702096497318,10.453700762719189,10.920172059819553,lhs
0.2974664410214074,-0.10710619482955519,0.49704417181458793,10.803596760969453,10.727625786886687,lhs
-0.02089957959201416,0.7592917080129606,0.36475721588285803,12.93400198078048,12.47995625063345,lhs
-0.025643724312920946,-0.49480584205593214,-0.9866038542910306,9.193167336650927,9.170131911821578,lhs
0.961532349331462,-0.09914332045758278,-0.8293377410701712,11.959717185699624,12.45300558579724,lhs
0.0796506343258605,0.8996379925625348,-0.19132951374264207,11.775039533654539,12.101685939496347,lhs
0.8479153949123714,-0.23207579006065326,-0.5213833183946883,11.842008140678393,11.97280418420121,lhs
-0.4967468457323815,0.40636831582117683,0.2333702974958154,10.27815553952295,9.789730101915033,lhs
-0.19565280991062572,-0.011826011573794926,0.8939179870732241,9.730847175293675,9.722015064132853,lhs
-0.8158927455296211,-0.5375946727997615,-0.4721287304830162,6.4470423901395355,6.476348591908617,lhs
0.699247165556931,-0.058040071508441704,0.2991886573281439,11.817428159513668,12.041059904912434,lhs
-0.8645451814500512,-0.876728770752556,-0.6696877097516997,5.957874249151266,6.00350951347344,lhs
0.6325120470837642,-0.013761411951441982,-0.6352512152010676,11.430120135053702,11.624767641889326,lhs
0.4111657568365854,0.5363783545490426,0.834988079939351,12.571248338105779,13.714603547152784,lhs
0.49352116339750984,-0.5852877146034741,-0.7316031019325058,10.786084919788456,10.495459916459241,lhs
0.8269677919593412,-0.8887904840511274,-0.3903059516667523,10.43508064416489,10.727225173361374,lhs
-0.1993579557479349,0.8846326597438481,0.12900562609066824,12.431814329490631,11.870530694786996,lhs
-0.27873392143848197,-0.8328272605510993,0.8206859185078152,6.145851445627949,6.179723162199225,lhs
0.802317222455726,-0.8060837342979089,0.7612105902560662,9.547051522834776,9.591747512399527,lhs
0.42123525522803296,0.5241934132574584,0.8425566257438482,13.440735598827061,13.706204689445723,lhs
0.41443203666939055,-0.14350644420748393,0.08555433761204667,10.786719416795187,10.896652056735265,lhs
-0.5024188936522188,0.8891911566025983,-0.29524268268756737,10.421946770638462,10.12507520897947,lhs
0.09343295696763354,0.9339697308489732,0.706428498187619,13.867670924877265,14.085403699069783,lhs
-0.335220350149658,-0.21770444828172653,0.7311237572677234,8.60411410264331,8.456023322190859,lhs
-0.7664782756913155,0.23764377171899942,-0.2839061029499853,8.385779514884305,8.059668830229219,lhs
0.532481601948408,-0.8309632820135812,-0.4860778749254344,10.184149292394459,10.052648610113106,lhs
0.8800473973049758,-0.06975513387723897,0.7968931297491992,12.711733124575826,12.684454312608796,lhs
-0.32354679619308,0.0367036803660683,-0.996041090829602,9.677986966131861,8.656897303111387,lhs
0.35910372458861506,-0.30135726142254793,-0.2190488267321523,10.334640195188323,10.355120007691898,lhs
-0.5553146770818636,-0.049852676738147306,-0.42110603354205967,7.9529440268796145,8.078769736824999,lhs
0.14512281116367665,0.9281442846305537,-0.47845544792855665,11.726491887558135,11.765010724894557,lhs
-0.15350451028994905,0.6582948708449605,0.9038308324636561,12.875232126476824,12.617732941248256,lhs
-0.9256082125279081,0.4464129062639912,0.02123963324047584,8.05103186339426,8.364770444897596,lhs
-0.35125125057953444,0.35362717880200756,-0.08554389324332967,10.301809682865958,9.7416454758326,lhs
0.9858376774249096,-0.15620358813760882,0.027002035965349558,12.759760595510432,12.570212809488192,lhs
0.3072539435797148,-0.4749812910155281,-0.14225208392931665,10.100444990402007,9.799028510882513,lhs
-0.6844508479493913,0.27937234203675354,0.12436073620394361,8.571764971247058,8.757359915960567,lhs
0.7200777755671111,-0.8745666346477623,-0.7616538324605998,11.346788101977193,10.868165859336637,lhs
0.4194592299522468,0.3796385948088692,-0.7236283257884093,11.216989183468138,11.423531813184377,lhs
-0.6453346763864407,-0.25094799445000093,0.3727223798023285,7.918938089315857,7.41735385598016,lhs
0.5201563485828369,0.21050868113038268,0.6764433601872657,12.185451832719878,12.61363305195174,lhs
0.6456112584940288,-0.12648672443247078,-0.6408997019678431,11.433898362507724,11.510174630798758,lhs
0.9286659851102201,-0.387083894243588,0.26616893637453987,11.897225719704416,11.739302319118151,lhs
-0.3244579597387883,0.6305324919381383,-0.2644930271736723,9.364593756560389,10.196971534216175,lhs
0.08694157162719574,-0.26146762658899136,0.6274371179296709,9.471321632121425,9.562832406274941,lhs
-0.1731349775276212,0.10085614362920148,0.5798323942323309,9.404830341910108,10.069931770803478,lhs
0.9892781813440892,-0.8642911285111334,-0.13361515163100202,10.961031054404883,10.961528964442852,lhs
-0.3101392619380636,0.4002133329305888,0.38147805795433043,10.266580676387433,10.497517458718836,lhs
0.20899670138957083,-0.7178744006983022,0.398450380147253,8.55192609956851,8.476817064340661,lhs
0.32460621928565603,-0.6343906378698722,0.10914006238460372,9.400990512830292,9.306870707308143,lhs
-0.031968027302732405,-0.4065334115893656,-0.08372790620586668,9.396412473772605,8.915539971075232,lhs
-0.4375859492814569,0.1339294405516227,-0.25234737330981727,8.833962975998052,8.86029266765306,lhs
-0.7697987356380116,0.32576188426592645,-0.8011562443256814,7.967478310531744,7.714770904083205,lhs
0.7906792405342287,0.7479195112584085,0.9790396714546645,15.697631342564508,15.951489538969112,lhs
0.22945340150572746,-0.8590385212293712,-0.34384492577231995,9.331191031209334,8.934902796956646,lhs
0.5022701640175,-0.9755637471805726,-0.13163353344864193,9.168022334964,9.246398136384009,lhs
0.13021626533969366,-0.1858912057528479,-0.7136727483516221,9.726200106449198,9.87924956016357,lhs
-0.6494684177308766,0.6487079049066715,-0.5253060008189581,8.650042954137097,8.849855829339363,lhs
-0.45446758755132444,0.42209410408982384,0.1505407129321017,10.115780168414606,9.866425007980842,lhs
0.5887589317770956,0.7856605253964506,-0.46742928298040354,12.601589598062688,12.882423070736525,lhs
0.02421815119662063,0.8789603013502205,-0.7853194367973618,11.267292762435673,10.713451136363998,lhs
0.17154187160728984,0.4573871403619625,-0.6655498149450114,11.103006286410388,10.843928471821734,lhs
0.39654103620887704,-0.4852492395504344,0.806907123546146,9.742320161498139,9.59447093660953,lhs
-0.47588564737360317,-0.19771918104853325,-0.5501943850841848,7.599808805628692,8.053778521049608,lhs
-0.5388083300580799,0.7500235830888085,0.7169507728243012,11.535662929856745,11.513328254235054,lhs
-0.37829608779466284,0.9276015831666009,-0.7729702644648668,10.098203694292472,9.584312394841598,lhs
0.8736080545791087,-0.6417835074729216,0.3621925658144647,10.710630245475913,10.742833833896563,lhs
-0.4151185150585618,0.41996269110760376,0.4312922047145582,10.090616971749096,10.30309600738133,lhs
-0.40876218460404146,-0.27645475905008365,-0.7532454084555502,8.379056955204394,8.156107285400735,lhs
-0.35782451267656956,0.6329530405922392,-0.21217326533255043,10.414324530694351,10.182307473153548,lhs
-0.8368208917462959,-0.2562856294478779,0.47939449472408757,6.8519927926112745,6.819429593329475,lhs
-0.8888767864673701,-0.17045052451047504,0.061564388135621595,6.502429044239265,6.9129804565279604,lhs
-0.7301218612502534,0.8952694111441475,0.43759208518295023,11.041278557282583,10.928017833344333,lhs
-0.22706049653540517,0.15637330055344134,0.4243952809665812,9.413980431652416,9.99896523764731,lhs
-0.6114481277668915,-0.5535951207749781,0.4337616244782325,6.919257752230011,6.522941490550133,lhs
-0.07441310883844143,-0.4312565196592142,-0.4481748561088976,8.525472855559345,8.867250423452807,lhs
0.11570537566878558,-0.7541436599312344,0.7413593060887975,7.93689309905581,7.751936142861596,lhs
-0.9958001617363172,-0.597904381005594,0.6073374190959873,4.363673198405004,5.1071400633884405,lhs
-0.5273243753814811,0.7015741019638306,-0.5909406752424335,9.279583221001719,9.189326246283361,lhs
-0.1268175610075366,0.26612471642528357,0.32514715518554604,10.43753700840585,10.570671420161252,lhs
0.5598739261980108,-0.33506061463940573,0.9415606259045533,10.759974628289063,10.650730704692823,lhs
0.2547239349472936,-0.5038864882557202,0.4740288567996136,8.693292417351026,9.264125002150092,lhs
